PART NUMBER,MAQUINA
ENC-0983-121-20,3
ENC-0983-123-20,3
ENC-0983-129-00,5
ENC-0983-131-00,DURMA
ENC-0983-132-20,3
ENC-0983-134-20,6
ENC-0983-141-20,6
ENC-0983-144-00,3
ENC-0983-40-20,3
ENC-0983-41-20,3
ENC-0983-42-20,3
ENC-0983-45-20,3
ENC-0983-74-20,3
ENC-0983-75-20,3
ENC-0983-77-20,3
ENC-0983-78-20,3
ENC-0983-83-20,3
ENC-0983-85-20,3
ENC-0983-86-20,3
ENC-0983-88-20,3
ENC-0983-89-20,3
ENC-0983-94-20,3
ENC-0983-95-20,3
ENC-0991-2-20,3
ENC-0991-241-20,3
ENC-0991-242-00,3
ENC-0991-4-20,3
ENC-0991-8-21,3
ENC-1010-18-20,3
ENC-1010-28-20,3
ENC-1010-3-20,3
ENC-1010-7-20,3
ENC-1010-9-21,3
ENC-1083-121-20,3
ENC-1083-122-00,3
ENC-1083-130-20,6
ENC-1083-131-20,6
ENC-1083-37-20,5
ENC-1083-38-20,3
ENC-1083-40-20,3
ENC-1083-41-20,3
ENC-1083-48-20,3
ENC-1083-51-20,3
ENC-1083-58-20,3
ENC-1284-3-20,3
ENC-1284-4-20,3
ENC-1284-5-20,3
ENC-1291-10-20,3
ENC-1291-14-21,3
ENC-1291-8-20,3
ENC-1291-9-20,3
ENC-1416-109-00,3
ENC-1500-111-20,3
ENC-1500-112-20,3
ENC-1500-113-00,3
ENC-1500-114-00,3
ENC-1500-120-20,5
M11253A001,4
M11353A001,4
M11588A001,4
M11634B001_B,4
M11952A001,4
M13211A001,4
M13211A002,4
M14836A003,4
M14837A001,4
M14838B001,4
M15184A001_B,4
M15185B001,DURMA
M15186A001,4
M15187B001,4
M15188B001,4
M15231B001,4
M16270A001,DURMA
M16272A001,DURMA
M15101B001,DURMA
M16270B001,DURMA
M16270B002,DURMA
4022.436.71481,2
4022.436.79402,2
4022.436.79482,2
4022.436.79491,2
4022.436.86901,2
4022.437.12082,2
4022.437.12092,2
4022.454.76642,2
4022.454.77722,2
4022.454.86352,2
4022.454.96101,2
4022.454.96171,2
4022.455.46764,2
4022.455.46774,2
4022.455.46923,2
4022.455.46941,2
4022.455.46992,2
4022.455.70612,2
4022.455.70642,2
4022.455.70652,2
4022.455.92841,2
4022.455.92971,2
4022.455.92981,2
4022.455.99331,2
4022.455.99351,2
4022.456.06692,2
4022.470.09144,2
4022.470.14141,2
4022.470.14161,2
4022.470.24652,2
4022.470.24662,2
4022.470.24722,2
4022.470.24732,2
4022.470.24831,2
4022.470.24843,2
4022.470.25863,2
4022.470.25882,2
4022.470.60961,2
4022.470.66031,2
4022.470.66041,2
4022.470.82572,2
4022.470.82582,2
4022.470.82593,2
4022.470.82603,2
4022.470.82612,2
4022.470.82672,2
4022.471.40711,2
4022.471.57561,2
4022.472.03161,2
4022.472.21861,2
4022.472.21921,2
4022.472.26861,2
4022.472.26871,2
4022.472.26905,2
4022.472.33403,2
4022.472.38051,2
4022.472.41271,2
4022.472.41281,2
4022.472.41293,2
4022.472.41312,2
4022.472.41322,2
4022.472.48671,2
4022.472.76411,2
4022.472.82202,2
4022.472.91813,2
4022.472.91823,2
4022.472.91832,2
4022.472.91842,2
4022.472.91853,2
4022.472.91862,2
4022.472.98552,2
4022.472.98562,2
4022.480.28436,2
4022.480.28493,2
4022.480.29053,2
4022.480.29072,2
4022.480.29083,2
4022.480.42063,2
4022.480.42081,2
4022.480.42113,2
4022.480.42263,2
4022.480.42313,2
4022.480.42572,2
4022.480.42634,2
4022.480.42643,2
4022.480.91132,2
4022.481.02902,2
4022.481.07023,2
4022.481.07033,2
4022.481.07043,2
4022.481.07052,2
4022.481.07082,2
4022.481.07083,2
4022.481.07093,2
4022.481.07102,2
4022.481.17921,2
4022.481.17931,2
4022.481.18831,2
4022.481.24692,2
4022.481.25382,2
4022.481.30021,2
4022.481.48481,2
4022.481.51971,2
4022.481.51981,2
4022.481.59065,2
4022.481.90652,2
4022.481.90681,2
4022.481.92371,2
4022.482.54012,2
4022.482.71182,2
4022.630.08451,2
4022.631.36841,2
4022.631.76801,2
4022.634.00571,2
4022.634.10331,2
4022.634.10341,2
4022.634.10351,2
4022.634.10361,2
4022.634.10371,2
4022.634.12161,2
4022.634.12361,2
4022.634.12411,2
4022.634.37491,2
4022.635.42055,2
4022.635.42533,2
4022.635.42543,2
4022.635.46481,2
4022.635.52983,2
4022.635.53043,2
4022.635.79962,2
4022.635.95493,2
4022.636.25771,2
4022.636.27932,2
4022.636.27941,2
4022.636.27951,2
4022.636.28272,2
4022.636.28342,2
4022.636.28511,2
4022.636.28662,2
4022.636.36333,2
4022.636.59181,2
4022.636.59191,2
4022.636.59222,2
4022.636.59231,2
4022.636.59242,2
4022.636.59411,2
4022.636.59421,2
4022.636.59432,2
4022.636.59453,2
4022.636.59461,2
4022.636.69601,2
4022.636.69611,2
4022.636.80092,2
4022.636.89222,2
4022.636.89951,2
4022.637.67052,2
4022.637.86055,2
4022.637.86065,2
4022.637.88123,2
4022.637.88133,2
4022.639.17091,2
4022.639.17101,2
4022.640.55791,2
4022.640.55812,2
4022.640.55871,2
4022.640.55881,2
4022.640.55891,2
4022.640.55901,2
4022.640.90172,2
4022.642.88291,2
4022.646.30143,2
4022.646.31063,2
4022.646.96422,2
4022.654.45621,2
4022.656.19482,2
4022.656.19792,2
4022.656.21231,2
4022.656.21241,2
4022.656.22851,2
4022.656.22861,2
4022.656.35772,2
4022.664.72071,2
4022.665.73971,2
4022.668.67612,2
4022.668.91591,2
4022.671.01441,2
4022.671.01461,2
4022.673.47072,2
4022.673.47211,2
4022.673.47221,2
4022.673.49561,2
4022.673.49571,2
4022.673.57821,2
4022.677.29241,2
4022.677.42081,2
4022.677.42091,2
470.63812-1,2
470.63812-2,2
472.82191-1,2
472.82191-2,2
3-70999,2
3-71003,2
3-72310,2
3-76302,2
111004,2
135732,2
135734,2
136151,2
149419,2
184196,2
185914,2
